Workbook

Sheet quarterly
A1: observation_date | B1: GDPC1 | C1: GDPDEF | D1: GPDIC1 | E1: AHETPI | F1: FEDFUNDS
A2: 1964-01-01 | B2: 4135.553 | C2: 16.197 | D2: 469.918 | E2: =VLOOKUP($A2,monthly!$A$1:$E$721,4,FALSE) -> 2.5033333 | F2: =VLOOKUP($A2,monthly!$A$1:$E$721,5,FALSE) -> 3.4633333
A3: 1964-04-01 | B3: 4180.592 | C3: 16.234 | D3: 468.225 | E3: =VLOOKUP($A3,monthly!$A$1:$E$721,4,FALSE) -> 2.5233333 | F3: =VLOOKUP($A3,monthly!$A$1:$E$721,5,FALSE) -> 3.49
A4: 1964-07-01 | B4: 4245.918 | C4: 16.299 | D4: 479.154 | E4: =VLOOKUP($A4,monthly!$A$1:$E$721,4,FALSE) -> 2.55 | F4: =VLOOKUP($A4,monthly!$A$1:$E$721,5,FALSE) -> 3.4566667
A5: 1964-10-01 | B5: 4259.046 | C5: 16.373 | D5: 483.706 | E5: =VLOOKUP($A5,monthly!$A$1:$E$721,4,FALSE) -> 2.5633333 | F5: =VLOOKUP($A5,monthly!$A$1:$E$721,5,FALSE) -> 3.5766667
A6: 1965-01-01 | B6: 4362.111 | C6: 16.455 | D6: 529.824 | E6: =VLOOKUP($A6,monthly!$A$1:$E$721,4,FALSE) -> 2.5933333 | F6: =VLOOKUP($A6,monthly!$A$1:$E$721,5,FALSE) -> 3.9766667
A7: 1965-04-01 | B7: 4417.225 | C7: 16.531 | D7: 531.216 | E7: =VLOOKUP($A7,monthly!$A$1:$E$721,4,FALSE) -> 2.6166667 | F7: =VLOOKUP($A7,monthly!$A$1:$E$721,5,FALSE) -> 4.08
A8: 1965-07-01 | B8: 4515.427 | C8: 16.595 | D8: 549.712 | E8: =VLOOKUP($A8,monthly!$A$1:$E$721,4,FALSE) -> 2.64 | F8: =VLOOKUP($A8,monthly!$A$1:$E$721,5,FALSE) -> 4.0766667
A9: 1965-10-01 | B9: 4619.458 | C9: 16.709 | D9: 553.352 | E9: =VLOOKUP($A9,monthly!$A$1:$E$721,4,FALSE) -> 2.6666667 | F9: =VLOOKUP($A9,monthly!$A$1:$E$721,5,FALSE) -> 4.1666667
A10: 1966-01-01 | B10: 4731.888 | C10: 16.816 | D10: 597.563 | E10: =VLOOKUP($A10,monthly!$A$1:$E$721,4,FALSE) -> 2.69 | F10: =VLOOKUP($A10,monthly!$A$1:$E$721,5,FALSE) -> 4.56
A11: 1966-04-01 | B11: 4748.046 | C11: 16.954 | D11: 588.717 | E11: =VLOOKUP($A11,monthly!$A$1:$E$721,4,FALSE) -> 2.72 | F11: =VLOOKUP($A11,monthly!$A$1:$E$721,5,FALSE) -> 4.9133333
A12: 1966-07-01 | B12: 4788.254 | C12: 17.118 | D12: 584.373 | E12: =VLOOKUP($A12,monthly!$A$1:$E$721,4,FALSE) -> 2.75 | F12: =VLOOKUP($A12,monthly!$A$1:$E$721,5,FALSE) -> 5.41
A13: 1966-10-01 | B13: 4827.537 | C13: 17.261 | D13: 587.798 | E13: =VLOOKUP($A13,monthly!$A$1:$E$721,4,FALSE) -> 2.7766667 | F13: =VLOOKUP($A13,monthly!$A$1:$E$721,5,FALSE) -> 5.5633333
... A240: 2023-07-01 | B240: 22490.692 | C240: 122.762 | D240: 4111.053 | E240: =VLOOKUP($A240,monthly!$A$1:$E$721,4,FALSE) -> 29.006667 | F240: =VLOOKUP($A240,monthly!$A$1:$E$721,5,FALSE) -> 5.26

Sheet monthly
A1: observation_date | B1: AHETPI | C1: FEDFUNDS | D1: AHETPI_3m_avg | E1: FEDFUNDS_3m_avg
A2: 1964-01-01 | B2: 2.5 | C2: 3.48 | D2: =AVERAGE(B2:B4) -> 2.5033333 | E2: =AVERAGE(C2:C4) -> 3.4633333
A3: 1964-02-01 | B3: 2.5 | C3: 3.48 | D3: =AVERAGE(B3:B5) -> 2.51 | E3: =AVERAGE(C3:C5) -> 3.46
A4: 1964-03-01 | B4: 2.51 | C4: 3.43 | D4: =AVERAGE(B4:B6) -> 2.5166667 | E4: =AVERAGE(C4:C6) -> 3.4666667
A5: 1964-04-01 | B5: 2.52 | C5: 3.47 | D5: =AVERAGE(B5:B7) -> 2.5233333 | E5: =AVERAGE(C5:C7) -> 3.49
A6: 1964-05-01 | B6: 2.52 | C6: 3.5 | D6: =AVERAGE(B6:B8) -> 2.53 | E6: =AVERAGE(C6:C8) -> 3.4733333
A7: 1964-06-01 | B7: 2.53 | C7: 3.5 | D7: =AVERAGE(B7:B9) -> 2.54 | E7: =AVERAGE(C7:C9) -> 3.4733333
A8: 1964-07-01 | B8: 2.54 | C8: 3.42 | D8: =AVERAGE(B8:B10) -> 2.55 | E8: =AVERAGE(C8:C10) -> 3.4566667
A9: 1964-08-01 | B9: 2.55 | C9: 3.5 | D9: =AVERAGE(B9:B11) -> 2.5533333 | E9: =AVERAGE(C9:C11) -> 3.4366667
A10: 1964-09-01 | B10: 2.56 | C10: 3.45 | D10: =AVERAGE(B10:B12) -> 2.5566667 | E10: =AVERAGE(C10:C12) -> 3.4433333
A11: 1964-10-01 | B11: 2.55 | C11: 3.36 | D11: =AVERAGE(B11:B13) -> 2.5633333 | E11: =AVERAGE(C11:C13) -> 3.5766667
A12: 1964-11-01 | B12: 2.56 | C12: 3.52 | D12: =AVERAGE(B12:B14) -> 2.5733333 | E12: =AVERAGE(C12:C14) -> 3.7566667
A13: 1964-12-01 | B13: 2.58 | C13: 3.85 | D13: =AVERAGE(B13:B15) -> 2.5833333 | E13: =AVERAGE(C13:C15) -> 3.91
... A721: 2023-12-01 | B721: 29.42 | C721: 5.33 | D721: =AVERAGE(B721:B723) -> 29.42 | E721: =AVERAGE(C721:C723) -> 5.33
